
	<!DOCTYPE project [
		<!ELEMENT project (objectids-table | current-scenario | duration | aggregation-period | truncated-mean | percentile)* >
	
		<!ELEMENT objectids-table (objectids-entry)* >
		<!ELEMENT objectids-entry (#PCDATA)>
		<!ELEMENT duration (#PCDATA)>
		<!ELEMENT truncated-mean (#PCDATA)>
		<!ELEMENT percentile (#PCDATA)>
		<!ELEMENT aggregation-period (#PCDATA)>
		<!ELEMENT current-scenario (#PCDATA)>
		<!ATTLIST duration
		    value CDATA #REQUIRED>
	    <!ATTLIST aggregation-period
		    value CDATA #REQUIRED>
		<!ATTLIST objectids-entry
		    objectid CDATA #REQUIRED
		    type CDATA #REQUIRED
		    value CDATA #REQUIRED
		    key CDATA #REQUIRED>
		<!ATTLIST truncated-mean
		    centered-interval CDATA #REQUIRED
		    percentage CDATA #REQUIRED>
		 <!ATTLIST percentile
		    percentage CDATA #REQUIRED>
	]>


<!--****** RUNTIME PROJECT ******--><project>
<!--****** CURRENT SCENARIO ******-->
<current-scenario>scenario1</current-scenario>
<!--****** OBJECTIDS ******-->
<objectids-table>
<objectids-entry key="" objectid="0" type="LG_HOST" value="localhost:7100"/>
<objectids-entry key="" objectid="1" type="ZONE" value="Zone par défaut"/>
<objectids-entry key="Zone par défaut¤Shopizer_shoppers¤" objectid="2" type="POPULATION" value="Shopizer_shoppers"/>
<objectids-entry key="Zone par défaut¤Shopizer_shoppers¤shopizer_01_nolog_copie_4" objectid="109" type="VIRTUAL_USER" value="shopizer_01_nolog_copie_4"/>
<objectids-entry key="Zone par défaut¤Shopizer_shoppers¤shopizer_01_nolog_copie_4" objectid="110" type="BASIC_LOGICAL_CONTAINER" value="$parent=shopizer_01_nolog_copie_4;$index=0"/>
<objectids-entry key="Zone par défaut¤Shopizer_shoppers¤shopizer_01_nolog_copie_4" objectid="111" type="BASIC_LOGICAL_CONTAINER" value="$parent=shopizer_01_nolog_copie_4;$index=1"/>
<objectids-entry key="Zone par défaut¤Shopizer_shoppers¤shopizer_01_nolog_copie_4" objectid="112" type="BASIC_LOGICAL_CONTAINER" value="962aeaaf-ed24-4786-b9e1-16c823e5d082"/>
<objectids-entry key="Zone par défaut¤Shopizer_shoppers¤shopizer_01_nolog_copie_4" objectid="113" type="HTTP_PAGE" value="41a887ed-9173-4325-9f72-864cebae06e1"/>
<objectids-entry key="Zone par défaut¤Shopizer_shoppers¤shopizer_01_nolog_copie_4" objectid="114" type="ACTION" value="7eafd366-e997-4bce-add0-874076f762a7"/>
<objectids-entry key="Zone par défaut¤Shopizer_shoppers¤shopizer_01_nolog_copie_4" objectid="115" type="ACTION" value="302af7ba-435f-4ef4-be14-37fe33a5e8d9"/>
<objectids-entry key="Zone par défaut¤Shopizer_shoppers¤shopizer_01_nolog_copie_4" objectid="116" type="ACTION" value="3b78db42-07a5-4972-ae88-6ea8eece90b5"/>
<objectids-entry key="Zone par défaut¤Shopizer_shoppers¤shopizer_01_nolog_copie_4" objectid="117" type="ACTION" value="57afee6e-65bb-4c80-bec5-b2addf3400b4"/>
<objectids-entry key="Zone par défaut¤Shopizer_shoppers¤shopizer_01_nolog_copie_4" objectid="118" type="ACTION" value="495f9904-bd25-4c79-a36f-d4ae11e77f19"/>
<objectids-entry key="Zone par défaut¤Shopizer_shoppers¤shopizer_01_nolog_copie_4" objectid="119" type="ACTION" value="feba78cf-62b7-4d8a-a89d-64e3ed9fa374"/>
<objectids-entry key="Zone par défaut¤Shopizer_shoppers¤shopizer_01_nolog_copie_4" objectid="120" type="ACTION" value="16bbb4f3-5d91-42e2-9c2b-0579fdc2d0c0"/>
<objectids-entry key="Zone par défaut¤Shopizer_shoppers¤shopizer_01_nolog_copie_4" objectid="121" type="ACTION" value="10e493f0-6d1e-452d-b63b-9ff2e5802496"/>
<objectids-entry key="Zone par défaut¤Shopizer_shoppers¤shopizer_01_nolog_copie_4" objectid="122" type="ACTION" value="2be0891e-74a3-47d1-8ba2-9141faf917ac"/>
<objectids-entry key="Zone par défaut¤Shopizer_shoppers¤shopizer_01_nolog_copie_4" objectid="123" type="ACTION" value="3375fe19-da1c-4e8f-9846-49deb9d7c980"/>
<objectids-entry key="Zone par défaut¤Shopizer_shoppers¤shopizer_01_nolog_copie_4" objectid="124" type="ACTION" value="0f0a45d0-db8e-4021-966a-a68628c2a418"/>
<objectids-entry key="Zone par défaut¤Shopizer_shoppers¤shopizer_01_nolog_copie_4" objectid="125" type="ACTION" value="10947e70-ce00-4088-829e-04ce56771dc6"/>
<objectids-entry key="Zone par défaut¤Shopizer_shoppers¤shopizer_01_nolog_copie_4" objectid="126" type="ACTION" value="1654d2cc-aa9c-4e85-9ea8-9e747d20204d"/>
<objectids-entry key="Zone par défaut¤Shopizer_shoppers¤shopizer_01_nolog_copie_4" objectid="127" type="ACTION" value="27116d91-2726-4f2e-976b-b4a48e132c75"/>
<objectids-entry key="Zone par défaut¤Shopizer_shoppers¤shopizer_01_nolog_copie_4" objectid="128" type="ACTION" value="6ad3d78f-8ace-4d2b-a293-e24ce48017cb"/>
<objectids-entry key="Zone par défaut¤Shopizer_shoppers¤shopizer_01_nolog_copie_4" objectid="129" type="ACTION" value="169fba5e-c7c8-48bf-9ac8-ffad33f11adb"/>
<objectids-entry key="Zone par défaut¤Shopizer_shoppers¤shopizer_01_nolog_copie_4" objectid="130" type="ACTION" value="dc6b644f-63b7-4770-a570-04f8f4d8e0ec"/>
<objectids-entry key="Zone par défaut¤Shopizer_shoppers¤shopizer_01_nolog_copie_4" objectid="131" type="ACTION" value="b90908a8-6139-437f-80f4-05313e3c549b"/>
<objectids-entry key="Zone par défaut¤Shopizer_shoppers¤shopizer_01_nolog_copie_4" objectid="132" type="ACTION" value="e8774fd8-53f2-48ea-832d-5447fd759bba"/>
<objectids-entry key="Zone par défaut¤Shopizer_shoppers¤shopizer_01_nolog_copie_4" objectid="133" type="ACTION" value="b77bbc4b-703a-4b38-bfc5-de0cb4e39732"/>
<objectids-entry key="Zone par défaut¤Shopizer_shoppers¤shopizer_01_nolog_copie_4" objectid="134" type="ACTION" value="390b6b7a-e40e-44ab-866b-6f9bc194a427"/>
<objectids-entry key="Zone par défaut¤Shopizer_shoppers¤shopizer_01_nolog_copie_4" objectid="135" type="ACTION" value="4605c0d9-9235-4ac1-9d4f-b92bf00a5751"/>
<objectids-entry key="Zone par défaut¤Shopizer_shoppers¤shopizer_01_nolog_copie_4" objectid="136" type="ACTION" value="f192139b-88d4-48f8-851d-0f9665639f1b"/>
<objectids-entry key="Zone par défaut¤Shopizer_shoppers¤shopizer_01_nolog_copie_4" objectid="137" type="ACTION" value="567f38e6-7295-4099-a3fb-e2e91aa618c9"/>
<objectids-entry key="Zone par défaut¤Shopizer_shoppers¤shopizer_01_nolog_copie_4" objectid="138" type="ACTION" value="d1694799-f513-4dce-83fa-8009db06278c"/>
<objectids-entry key="Zone par défaut¤Shopizer_shoppers¤shopizer_01_nolog_copie_4" objectid="139" type="ACTION" value="3f08dd7a-bda9-412f-8c10-da52c398fc07"/>
<objectids-entry key="Zone par défaut¤Shopizer_shoppers¤shopizer_01_nolog_copie_4" objectid="140" type="ACTION" value="1e64b7f0-843b-496b-b0e2-c9ac76c31829"/>
<objectids-entry key="Zone par défaut¤Shopizer_shoppers¤shopizer_01_nolog_copie_4" objectid="141" type="ACTION" value="7f8fab96-e6b8-4eb0-a7c5-53a4e3a595a8"/>
<objectids-entry key="Zone par défaut¤Shopizer_shoppers¤shopizer_01_nolog_copie_4" objectid="142" type="ACTION" value="3a17756f-4d4e-42fb-9df5-32e8e0d6a6ca"/>
<objectids-entry key="Zone par défaut¤Shopizer_shoppers¤shopizer_01_nolog_copie_4" objectid="143" type="ACTION" value="c936c2e2-a035-4d01-b083-3e2293302fc1"/>
<objectids-entry key="Zone par défaut¤Shopizer_shoppers¤shopizer_01_nolog_copie_4" objectid="144" type="ACTION" value="95c38ee2-08e6-4858-9215-83c10f93a862"/>
<objectids-entry key="Zone par défaut¤Shopizer_shoppers¤shopizer_01_nolog_copie_4" objectid="145" type="ACTION" value="1f17ace0-0ce5-4a28-b8b8-460313920219"/>
<objectids-entry key="Zone par défaut¤Shopizer_shoppers¤shopizer_01_nolog_copie_4" objectid="146" type="ACTION" value="5f0e25f7-f74e-477c-ae5a-89ce674f2de0"/>
<objectids-entry key="Zone par défaut¤Shopizer_shoppers¤shopizer_01_nolog_copie_4" objectid="147" type="ACTION" value="45a29b47-ebeb-42f1-af51-6c360ecf25a9"/>
<objectids-entry key="Zone par défaut¤Shopizer_shoppers¤shopizer_01_nolog_copie_4" objectid="148" type="ACTION" value="5a617ef7-7695-4e85-9834-19e306110184"/>
<objectids-entry key="Zone par défaut¤Shopizer_shoppers¤shopizer_01_nolog_copie_4" objectid="149" type="ACTION" value="709ca6a5-de28-4e5a-8ef1-56c153a06a1b"/>
<objectids-entry key="Zone par défaut¤Shopizer_shoppers¤shopizer_01_nolog_copie_4" objectid="150" type="ACTION" value="4021553e-d0dd-4880-b5fa-ad4160491c43"/>
<objectids-entry key="Zone par défaut¤Shopizer_shoppers¤shopizer_01_nolog_copie_4" objectid="151" type="ACTION" value="d6e4558b-5c72-4207-869a-10ed05fe01b2"/>
<objectids-entry key="Zone par défaut¤Shopizer_shoppers¤shopizer_01_nolog_copie_4" objectid="152" type="ACTION" value="616662e5-612b-4b70-af5d-ee0fde5e00e0"/>
<objectids-entry key="Zone par défaut¤Shopizer_shoppers¤shopizer_01_nolog_copie_4" objectid="153" type="ACTION" value="67cb6003-4d57-4556-870b-7c39d3b6171d"/>
<objectids-entry key="Zone par défaut¤Shopizer_shoppers¤shopizer_01_nolog_copie_4" objectid="154" type="ACTION" value="112b4475-68d2-4862-b686-ef3c779e7c2b"/>
<objectids-entry key="Zone par défaut¤Shopizer_shoppers¤shopizer_01_nolog_copie_4" objectid="155" type="ACTION" value="d1f32e6c-b209-4cd1-95e5-398a4e5f8432"/>
<objectids-entry key="Zone par défaut¤Shopizer_shoppers¤shopizer_01_nolog_copie_4" objectid="156" type="ACTION" value="ba8c93f6-a000-4945-a347-383d7182257e"/>
<objectids-entry key="Zone par défaut¤Shopizer_shoppers¤shopizer_01_nolog_copie_4" objectid="157" type="ACTION" value="dae94080-662f-410c-ad93-020d98edc51b"/>
<objectids-entry key="Zone par défaut¤Shopizer_shoppers¤shopizer_01_nolog_copie_4" objectid="158" type="ACTION" value="890defb8-aff0-4659-92b4-2f773f08b5a0"/>
<objectids-entry key="Zone par défaut¤Shopizer_shoppers¤shopizer_01_nolog_copie_4" objectid="159" type="ACTION" value="41108db3-2494-4543-a32c-b114ef860acc"/>
<objectids-entry key="Zone par défaut¤Shopizer_shoppers¤shopizer_01_nolog_copie_4" objectid="160" type="ACTION" value="88c6a917-1ff9-45be-a2a3-11b8c0044266"/>
<objectids-entry key="Zone par défaut¤Shopizer_shoppers¤shopizer_01_nolog_copie_4" objectid="161" type="ACTION" value="2d7df1ed-0b5a-4488-976b-e45aa7f63c48"/>
<objectids-entry key="Zone par défaut¤Shopizer_shoppers¤shopizer_01_nolog_copie_4" objectid="162" type="ACTION" value="474b6fae-6c22-48ff-8d6d-fad4c84177f0"/>
<objectids-entry key="Zone par défaut¤Shopizer_shoppers¤shopizer_01_nolog_copie_4" objectid="163" type="ACTION" value="032b1807-fa8a-4ce3-92aa-2097e32dc2e7"/>
<objectids-entry key="Zone par défaut¤Shopizer_shoppers¤shopizer_01_nolog_copie_4" objectid="164" type="ACTION" value="751d6a8a-c658-4a44-ab6c-9ac5eb60211e"/>
<objectids-entry key="Zone par défaut¤Shopizer_shoppers¤shopizer_01_nolog_copie_4" objectid="165" type="ACTION" value="73993aa1-999d-44cf-9952-a3728a3e3be4"/>
<objectids-entry key="Zone par défaut¤Shopizer_shoppers¤shopizer_01_nolog_copie_4" objectid="166" type="ACTION" value="0d7a1e88-22ea-4db6-b1bf-3e90434ff6cb"/>
<objectids-entry key="Zone par défaut¤Shopizer_shoppers¤shopizer_01_nolog_copie_4" objectid="167" type="ACTION" value="09445e65-c68e-49d5-82cb-d85879a87841"/>
<objectids-entry key="Zone par défaut¤Shopizer_shoppers¤shopizer_01_nolog_copie_4" objectid="168" type="ACTION" value="a396c384-02fa-4ba7-ac44-8098f86545bc"/>
<objectids-entry key="Zone par défaut¤Shopizer_shoppers¤shopizer_01_nolog_copie_4" objectid="169" type="ACTION" value="24d660fb-9755-45ae-a9b5-f84bad2b0cf5"/>
<objectids-entry key="Zone par défaut¤Shopizer_shoppers¤shopizer_01_nolog_copie_4" objectid="170" type="LOOP" value="5889f70d-68db-4b2c-9626-97e6f0deb3a3"/>
<objectids-entry key="Zone par défaut¤Shopizer_shoppers¤shopizer_01_nolog_copie_4" objectid="171" type="BASIC_LOGICAL_CONTAINER" value="ab85d04b-7adb-45e6-b7b8-3f2b0f71b0dd"/>
<objectids-entry key="Zone par défaut¤Shopizer_shoppers¤shopizer_01_nolog_copie_4" objectid="172" type="HTTP_PAGE" value="4937877c-98d0-4a63-a146-5ed1d7155104"/>
<objectids-entry key="Zone par défaut¤Shopizer_shoppers¤shopizer_01_nolog_copie_4" objectid="173" type="ACTION" value="d49553fb-644c-4322-b195-fb4a0f645ef6"/>
<objectids-entry key="Zone par défaut¤Shopizer_shoppers¤shopizer_01_nolog_copie_4" objectid="174" type="ACTION" value="2bb09108-1d97-4fac-a9a2-d817394b2c12"/>
<objectids-entry key="Zone par défaut¤Shopizer_shoppers¤shopizer_01_nolog_copie_4" objectid="175" type="BASIC_LOGICAL_CONTAINER" value="43fa42ef-81e3-469f-8835-4afddb30b072"/>
<objectids-entry key="Zone par défaut¤Shopizer_shoppers¤shopizer_01_nolog_copie_4" objectid="176" type="HTTP_PAGE" value="d1185cf0-f8ef-4ec6-85a4-b9afbec608ff"/>
<objectids-entry key="Zone par défaut¤Shopizer_shoppers¤shopizer_01_nolog_copie_4" objectid="177" type="ACTION" value="da993269-fff9-46fa-b8e8-9afa93ca9d9d"/>
<objectids-entry key="Zone par défaut¤Shopizer_shoppers¤shopizer_01_nolog_copie_4" objectid="178" type="ACTION" value="a430557d-49b8-45fe-aa8b-0aa85c1d5ed1"/>
<objectids-entry key="Zone par défaut¤Shopizer_shoppers¤shopizer_01_nolog_copie_4" objectid="179" type="ACTION" value="67a2776f-cf2a-4f0f-99b8-04cf777a87c8"/>
<objectids-entry key="Zone par défaut¤Shopizer_shoppers¤shopizer_01_nolog_copie_4" objectid="180" type="ACTION" value="b50118ce-1daa-40f6-9f3c-06fad0d898ed"/>
<objectids-entry key="Zone par défaut¤Shopizer_shoppers¤shopizer_01_nolog_copie_4" objectid="181" type="ACTION" value="40fa9411-53b9-4404-83a8-499457daaba7"/>
<objectids-entry key="Zone par défaut¤Shopizer_shoppers¤shopizer_01_nolog_copie_4" objectid="182" type="ACTION" value="c769db55-2973-4899-ae62-4b9d35e997f1"/>
<objectids-entry key="Zone par défaut¤Shopizer_shoppers¤shopizer_01_nolog_copie_4" objectid="183" type="BASIC_LOGICAL_CONTAINER" value="befd15ec-95b5-4274-9841-849e7fa8817f"/>
<objectids-entry key="Zone par défaut¤Shopizer_shoppers¤shopizer_01_nolog_copie_4" objectid="184" type="HTTP_PAGE" value="34e9d5df-6e9a-4349-8ecc-8601864d03d5"/>
<objectids-entry key="Zone par défaut¤Shopizer_shoppers¤shopizer_01_nolog_copie_4" objectid="185" type="ACTION" value="71050ff6-6845-4963-85c8-ce99eaae265c"/>
<objectids-entry key="Zone par défaut¤Shopizer_shoppers¤shopizer_01_nolog_copie_4" objectid="186" type="ACTION" value="5a87e15d-ef23-4e0c-bd2e-0ab5eb0dc710"/>
<objectids-entry key="Zone par défaut¤Shopizer_shoppers¤shopizer_01_nolog_copie_4" objectid="187" type="ACTION" value="b343b94e-e981-43ab-b692-4bccf2fa7c11"/>
<objectids-entry key="Zone par défaut¤Shopizer_shoppers¤shopizer_01_nolog_copie_4" objectid="188" type="ACTION" value="85965a51-9af0-4116-937d-18e88a07b816"/>
<objectids-entry key="Zone par défaut¤Shopizer_shoppers¤shopizer_01_nolog_copie_4" objectid="189" type="ACTION" value="e8b8c6e1-4de9-4705-a9e8-59ad6ffee4b9"/>
<objectids-entry key="Zone par défaut¤Shopizer_shoppers¤shopizer_01_nolog_copie_4" objectid="190" type="ACTION" value="90136551-659c-45c4-8c92-ecf388a7a20f"/>
<objectids-entry key="Zone par défaut¤Shopizer_shoppers¤shopizer_01_nolog_copie_4" objectid="191" type="ACTION" value="e3a3ee90-aeef-470a-aed6-632fa45972b8"/>
<objectids-entry key="Zone par défaut¤Shopizer_shoppers¤shopizer_01_nolog_copie_4" objectid="192" type="BASIC_LOGICAL_CONTAINER" value="cf74fdc3-3911-4ef7-9c58-e3e18212e8b9"/>
<objectids-entry key="Zone par défaut¤Shopizer_shoppers¤shopizer_01_nolog_copie_4" objectid="193" type="HTTP_PAGE" value="400d3821-bc09-4722-a9fa-60238c3162c7"/>
<objectids-entry key="Zone par défaut¤Shopizer_shoppers¤shopizer_01_nolog_copie_4" objectid="194" type="ACTION" value="9ac84bb3-89ba-4e5b-a338-11a9e82f0c2f"/>
<objectids-entry key="Zone par défaut¤Shopizer_shoppers¤shopizer_01_nolog_copie_4" objectid="195" type="ACTION" value="4bcbd917-9681-4d66-8079-0a64d99b8a54"/>
<objectids-entry key="Zone par défaut¤Shopizer_shoppers¤shopizer_01_nolog_copie_4" objectid="196" type="HTTP_PAGE" value="78f9907f-5b76-4bfb-89e0-b72ce8e80a88"/>
<objectids-entry key="Zone par défaut¤Shopizer_shoppers¤shopizer_01_nolog_copie_4" objectid="197" type="ACTION" value="b7bd9569-0140-4dc5-8761-8cde7ca47419"/>
<objectids-entry key="Zone par défaut¤Shopizer_shoppers¤shopizer_01_nolog_copie_4" objectid="198" type="HTTP_PAGE" value="a4c047bb-5c93-4373-a2f1-ec0f1c88604d"/>
<objectids-entry key="Zone par défaut¤Shopizer_shoppers¤shopizer_01_nolog_copie_4" objectid="199" type="ACTION" value="8f40637a-dcb9-4ef9-83c8-106f5a2f2408"/>
<objectids-entry key="Zone par défaut¤Shopizer_shoppers¤shopizer_01_nolog_copie_4" objectid="200" type="HTTP_PAGE" value="2d9f14b8-f0fc-46e3-bb3b-59fec0a84acd"/>
<objectids-entry key="Zone par défaut¤Shopizer_shoppers¤shopizer_01_nolog_copie_4" objectid="201" type="ACTION" value="d7a7209d-e972-4191-a469-4250bc65ce69"/>
<objectids-entry key="Zone par défaut¤Shopizer_shoppers¤shopizer_01_nolog_copie_4" objectid="202" type="HTTP_PAGE" value="6b4f0131-a1b4-4d17-8a33-07d1b17c2207"/>
<objectids-entry key="Zone par défaut¤Shopizer_shoppers¤shopizer_01_nolog_copie_4" objectid="203" type="ACTION" value="3e6bca52-4c3d-4331-901f-4fe2f310e612"/>
<objectids-entry key="Zone par défaut¤Shopizer_shoppers¤shopizer_01_nolog_copie_4" objectid="204" type="HTTP_PAGE" value="12f49643-8f77-45ab-923e-b8332dbec191"/>
<objectids-entry key="Zone par défaut¤Shopizer_shoppers¤shopizer_01_nolog_copie_4" objectid="205" type="ACTION" value="3d9d0977-86f7-4af5-955f-f205ce4b259a"/>
<objectids-entry key="Zone par défaut¤Shopizer_shoppers¤shopizer_01_nolog_copie_4" objectid="206" type="HTTP_PAGE" value="364ec8e9-b7ca-4762-8586-c04aae979180"/>
<objectids-entry key="Zone par défaut¤Shopizer_shoppers¤shopizer_01_nolog_copie_4" objectid="207" type="ACTION" value="9137b4d0-4006-4db5-89f4-37a1fc1a36cc"/>
<objectids-entry key="Zone par défaut¤Shopizer_shoppers¤shopizer_01_nolog_copie_4" objectid="208" type="HTTP_PAGE" value="2235460c-aa9c-4301-a484-c81f6f7c9c78"/>
<objectids-entry key="Zone par défaut¤Shopizer_shoppers¤shopizer_01_nolog_copie_4" objectid="209" type="ACTION" value="5901003c-58c7-4268-a240-8ace4e754c34"/>
<objectids-entry key="Zone par défaut¤Shopizer_shoppers¤shopizer_01_nolog_copie_4" objectid="210" type="HTTP_PAGE" value="3de76bc4-f57f-4173-a804-9b628c5b6712"/>
<objectids-entry key="Zone par défaut¤Shopizer_shoppers¤shopizer_01_nolog_copie_4" objectid="211" type="ACTION" value="39e68a1e-e8a2-4499-8734-a49a19733d46"/>
<objectids-entry key="Zone par défaut¤Shopizer_shoppers¤shopizer_01_nolog_copie_4" objectid="212" type="ACTION" value="cd1dc1b8-4d8c-4c7f-9edb-06a5fd3eeb0e"/>
<objectids-entry key="Zone par défaut¤Shopizer_shoppers¤shopizer_01_nolog_copie_4" objectid="213" type="ACTION" value="c7222c91-33f2-4105-9a04-63ebdebd6b3c"/>
<objectids-entry key="Zone par défaut¤Shopizer_shoppers¤shopizer_01_nolog_copie_4" objectid="214" type="ACTION" value="18c126d0-2147-4bb8-b31d-9f2e076a2ef7"/>
<objectids-entry key="Zone par défaut¤Shopizer_shoppers¤shopizer_01_nolog_copie_4" objectid="215" type="BASIC_LOGICAL_CONTAINER" value="$parent=shopizer_01_nolog_copie_4;$index=2"/>
<objectids-entry key="Zone par défaut¤Shopizer_shoppers¤shopizer_01_nolog_copie_3" objectid="216" type="VIRTUAL_USER" value="shopizer_01_nolog_copie_3"/>
<objectids-entry key="Zone par défaut¤Shopizer_shoppers¤shopizer_01_nolog_copie_3" objectid="217" type="BASIC_LOGICAL_CONTAINER" value="$parent=shopizer_01_nolog_copie_3;$index=0"/>
<objectids-entry key="Zone par défaut¤Shopizer_shoppers¤shopizer_01_nolog_copie_3" objectid="218" type="BASIC_LOGICAL_CONTAINER" value="$parent=shopizer_01_nolog_copie_3;$index=1"/>
<objectids-entry key="Zone par défaut¤Shopizer_shoppers¤shopizer_01_nolog_copie_3" objectid="219" type="BASIC_LOGICAL_CONTAINER" value="be3acc75-46c4-4a4c-b548-2098673010d5"/>
<objectids-entry key="Zone par défaut¤Shopizer_shoppers¤shopizer_01_nolog_copie_3" objectid="220" type="HTTP_PAGE" value="740d1f78-e2af-4e7e-bda4-43d353e7af1a"/>
<objectids-entry key="Zone par défaut¤Shopizer_shoppers¤shopizer_01_nolog_copie_3" objectid="221" type="ACTION" value="1717af94-db4b-460e-afd5-da5aead360f8"/>
<objectids-entry key="Zone par défaut¤Shopizer_shoppers¤shopizer_01_nolog_copie_3" objectid="222" type="ACTION" value="bb1f09e6-6890-4034-a2f1-e9169788c8b4"/>
<objectids-entry key="Zone par défaut¤Shopizer_shoppers¤shopizer_01_nolog_copie_3" objectid="223" type="ACTION" value="e1c98e18-2440-426a-92e0-107dee0f7e55"/>
<objectids-entry key="Zone par défaut¤Shopizer_shoppers¤shopizer_01_nolog_copie_3" objectid="224" type="ACTION" value="7f69ef32-e354-4c83-97f2-da6cadc933df"/>
<objectids-entry key="Zone par défaut¤Shopizer_shoppers¤shopizer_01_nolog_copie_3" objectid="225" type="ACTION" value="4c16d119-756c-455d-b78c-1d64202cf327"/>
<objectids-entry key="Zone par défaut¤Shopizer_shoppers¤shopizer_01_nolog_copie_3" objectid="226" type="ACTION" value="7912c6ce-912f-437e-a960-ace8d1e64245"/>
<objectids-entry key="Zone par défaut¤Shopizer_shoppers¤shopizer_01_nolog_copie_3" objectid="227" type="ACTION" value="db3b6c35-d221-438f-a863-c081e9fac609"/>
<objectids-entry key="Zone par défaut¤Shopizer_shoppers¤shopizer_01_nolog_copie_3" objectid="228" type="ACTION" value="108dc95a-4403-4963-bcea-dc1e70fe853f"/>
<objectids-entry key="Zone par défaut¤Shopizer_shoppers¤shopizer_01_nolog_copie_3" objectid="229" type="ACTION" value="2ecf13a7-77ec-4bf3-ab45-0075a1b8c667"/>
<objectids-entry key="Zone par défaut¤Shopizer_shoppers¤shopizer_01_nolog_copie_3" objectid="230" type="ACTION" value="2f5c293d-5930-436a-bbca-73747439e8bb"/>
<objectids-entry key="Zone par défaut¤Shopizer_shoppers¤shopizer_01_nolog_copie_3" objectid="231" type="ACTION" value="30de8463-d652-476b-bd9d-ed55d3a9380a"/>
<objectids-entry key="Zone par défaut¤Shopizer_shoppers¤shopizer_01_nolog_copie_3" objectid="232" type="ACTION" value="54390a9a-0300-4fc4-b50c-6785a38b5d52"/>
<objectids-entry key="Zone par défaut¤Shopizer_shoppers¤shopizer_01_nolog_copie_3" objectid="233" type="ACTION" value="97edca15-badd-47ec-8940-3de6bdf609c4"/>
<objectids-entry key="Zone par défaut¤Shopizer_shoppers¤shopizer_01_nolog_copie_3" objectid="234" type="ACTION" value="8bf374d5-9879-4635-a087-ad3c995356b9"/>
<objectids-entry key="Zone par défaut¤Shopizer_shoppers¤shopizer_01_nolog_copie_3" objectid="235" type="ACTION" value="62ea3800-c984-4018-bd65-59774c5a0aac"/>
<objectids-entry key="Zone par défaut¤Shopizer_shoppers¤shopizer_01_nolog_copie_3" objectid="236" type="ACTION" value="85b46d30-1633-4a8c-84a1-52ed53ac9f80"/>
<objectids-entry key="Zone par défaut¤Shopizer_shoppers¤shopizer_01_nolog_copie_3" objectid="237" type="ACTION" value="83676697-f8bd-4623-8f91-bfc5c170bba4"/>
<objectids-entry key="Zone par défaut¤Shopizer_shoppers¤shopizer_01_nolog_copie_3" objectid="238" type="ACTION" value="22f168cc-7415-4baa-aa64-4d9f6a6992fb"/>
<objectids-entry key="Zone par défaut¤Shopizer_shoppers¤shopizer_01_nolog_copie_3" objectid="239" type="ACTION" value="d5b6cbc9-4fe5-4a7f-a48a-977b97817ee5"/>
<objectids-entry key="Zone par défaut¤Shopizer_shoppers¤shopizer_01_nolog_copie_3" objectid="240" type="ACTION" value="15fdd7de-cfb4-4c18-b2a5-aa100615ff8c"/>
<objectids-entry key="Zone par défaut¤Shopizer_shoppers¤shopizer_01_nolog_copie_3" objectid="241" type="ACTION" value="9f1ef10b-77e8-4b46-85ce-e002e96743ee"/>
<objectids-entry key="Zone par défaut¤Shopizer_shoppers¤shopizer_01_nolog_copie_3" objectid="242" type="ACTION" value="8bf243cb-fd76-4753-ae53-6c349af69331"/>
<objectids-entry key="Zone par défaut¤Shopizer_shoppers¤shopizer_01_nolog_copie_3" objectid="243" type="ACTION" value="8d66ddac-e9b1-4dfa-be04-4721588b3eb6"/>
<objectids-entry key="Zone par défaut¤Shopizer_shoppers¤shopizer_01_nolog_copie_3" objectid="244" type="ACTION" value="0579bd22-8e3e-4f4d-8e68-e330a9a5a35c"/>
<objectids-entry key="Zone par défaut¤Shopizer_shoppers¤shopizer_01_nolog_copie_3" objectid="245" type="ACTION" value="4a0a8568-6285-4373-8d1c-293c9c59c489"/>
<objectids-entry key="Zone par défaut¤Shopizer_shoppers¤shopizer_01_nolog_copie_3" objectid="246" type="ACTION" value="78031667-1c2f-47dd-a432-803cd45cf5c5"/>
<objectids-entry key="Zone par défaut¤Shopizer_shoppers¤shopizer_01_nolog_copie_3" objectid="247" type="ACTION" value="09fba470-9f17-4be7-8616-8e673a2a93cd"/>
<objectids-entry key="Zone par défaut¤Shopizer_shoppers¤shopizer_01_nolog_copie_3" objectid="248" type="ACTION" value="276fa743-9883-4d24-924c-596c93b104b6"/>
<objectids-entry key="Zone par défaut¤Shopizer_shoppers¤shopizer_01_nolog_copie_3" objectid="249" type="ACTION" value="a4ffa81b-cce2-471b-8896-aac49d1302cf"/>
<objectids-entry key="Zone par défaut¤Shopizer_shoppers¤shopizer_01_nolog_copie_3" objectid="250" type="ACTION" value="9e6aac30-5b71-49ec-8fb3-7dc959387d52"/>
<objectids-entry key="Zone par défaut¤Shopizer_shoppers¤shopizer_01_nolog_copie_3" objectid="251" type="ACTION" value="3eb3ccd8-2375-4f84-b146-cb0292ff4776"/>
<objectids-entry key="Zone par défaut¤Shopizer_shoppers¤shopizer_01_nolog_copie_3" objectid="252" type="ACTION" value="d9ce2001-e83c-446e-857d-bebdd12a4287"/>
<objectids-entry key="Zone par défaut¤Shopizer_shoppers¤shopizer_01_nolog_copie_3" objectid="253" type="ACTION" value="fcb9cbbf-901d-4ebc-81fa-21d4b51a79ea"/>
<objectids-entry key="Zone par défaut¤Shopizer_shoppers¤shopizer_01_nolog_copie_3" objectid="254" type="ACTION" value="3842f229-c5b2-46ae-8805-debb981dcb16"/>
<objectids-entry key="Zone par défaut¤Shopizer_shoppers¤shopizer_01_nolog_copie_3" objectid="255" type="ACTION" value="72efea5a-8c68-46bd-aba1-e4147a7cf4c4"/>
<objectids-entry key="Zone par défaut¤Shopizer_shoppers¤shopizer_01_nolog_copie_3" objectid="256" type="ACTION" value="c7b9bd43-d4a9-4664-82b2-5c4c83fcbbb4"/>
<objectids-entry key="Zone par défaut¤Shopizer_shoppers¤shopizer_01_nolog_copie_3" objectid="257" type="ACTION" value="83594d36-63b7-4eb9-871b-0c72ea6d5eb2"/>
<objectids-entry key="Zone par défaut¤Shopizer_shoppers¤shopizer_01_nolog_copie_3" objectid="258" type="ACTION" value="a5ac0dc4-800e-4cad-84a0-89741f219629"/>
<objectids-entry key="Zone par défaut¤Shopizer_shoppers¤shopizer_01_nolog_copie_3" objectid="259" type="ACTION" value="2b223496-2727-473d-a1a6-57cb38a9af98"/>
<objectids-entry key="Zone par défaut¤Shopizer_shoppers¤shopizer_01_nolog_copie_3" objectid="260" type="ACTION" value="e1824abe-7ecf-4abc-b7e3-fa11d0930492"/>
<objectids-entry key="Zone par défaut¤Shopizer_shoppers¤shopizer_01_nolog_copie_3" objectid="261" type="ACTION" value="0b1fb2ea-da73-4742-8999-096afc20e87e"/>
<objectids-entry key="Zone par défaut¤Shopizer_shoppers¤shopizer_01_nolog_copie_3" objectid="262" type="ACTION" value="caf48c1b-20bd-4d8b-a3c2-fcfbd13df894"/>
<objectids-entry key="Zone par défaut¤Shopizer_shoppers¤shopizer_01_nolog_copie_3" objectid="263" type="ACTION" value="735cdd4e-aae8-402e-961f-d1ca2901c4eb"/>
<objectids-entry key="Zone par défaut¤Shopizer_shoppers¤shopizer_01_nolog_copie_3" objectid="264" type="ACTION" value="ed19d1f4-8a5b-4d5e-ae56-ead41275c279"/>
<objectids-entry key="Zone par défaut¤Shopizer_shoppers¤shopizer_01_nolog_copie_3" objectid="265" type="ACTION" value="4d5db329-ead4-43d5-923c-32ece43e8c8a"/>
<objectids-entry key="Zone par défaut¤Shopizer_shoppers¤shopizer_01_nolog_copie_3" objectid="266" type="ACTION" value="56f50155-47b5-4840-9956-5bf75d705693"/>
<objectids-entry key="Zone par défaut¤Shopizer_shoppers¤shopizer_01_nolog_copie_3" objectid="267" type="ACTION" value="88bbd56c-6da7-4ad5-802b-fe91736af860"/>
<objectids-entry key="Zone par défaut¤Shopizer_shoppers¤shopizer_01_nolog_copie_3" objectid="268" type="ACTION" value="ff336328-495f-4afa-9ee2-1d4c07674346"/>
<objectids-entry key="Zone par défaut¤Shopizer_shoppers¤shopizer_01_nolog_copie_3" objectid="269" type="ACTION" value="6baa5726-4f71-48ed-8efc-3f8c4733a9cb"/>
<objectids-entry key="Zone par défaut¤Shopizer_shoppers¤shopizer_01_nolog_copie_3" objectid="270" type="ACTION" value="f63138cb-ade1-4ac2-8ca6-20099d3d79fc"/>
<objectids-entry key="Zone par défaut¤Shopizer_shoppers¤shopizer_01_nolog_copie_3" objectid="271" type="ACTION" value="e26ae2e8-344c-4a39-8b92-c2671bd7b4de"/>
<objectids-entry key="Zone par défaut¤Shopizer_shoppers¤shopizer_01_nolog_copie_3" objectid="272" type="ACTION" value="f006cae5-aa35-413a-9bd9-a17f2edbe68c"/>
<objectids-entry key="Zone par défaut¤Shopizer_shoppers¤shopizer_01_nolog_copie_3" objectid="273" type="ACTION" value="e5954424-c681-4cbb-8b62-119e83e8d1f0"/>
<objectids-entry key="Zone par défaut¤Shopizer_shoppers¤shopizer_01_nolog_copie_3" objectid="274" type="ACTION" value="fd8fa259-953e-433e-99f3-1b2c778e79a8"/>
<objectids-entry key="Zone par défaut¤Shopizer_shoppers¤shopizer_01_nolog_copie_3" objectid="275" type="ACTION" value="b2d2f2dd-f6e8-491e-aae3-e5f632012b26"/>
<objectids-entry key="Zone par défaut¤Shopizer_shoppers¤shopizer_01_nolog_copie_3" objectid="276" type="ACTION" value="f6f33288-ff68-4551-8381-b9dec0f10143"/>
<objectids-entry key="Zone par défaut¤Shopizer_shoppers¤shopizer_01_nolog_copie_3" objectid="277" type="BASIC_LOGICAL_CONTAINER" value="c35cf034-21a7-4579-b3ac-64430998a3ca"/>
<objectids-entry key="Zone par défaut¤Shopizer_shoppers¤shopizer_01_nolog_copie_3" objectid="278" type="HTTP_PAGE" value="1b968491-d8e7-42ae-a65d-318dda4fe20d"/>
<objectids-entry key="Zone par défaut¤Shopizer_shoppers¤shopizer_01_nolog_copie_3" objectid="279" type="ACTION" value="03254d2c-3e72-4dde-8677-4f5efc2cd9f1"/>
<objectids-entry key="Zone par défaut¤Shopizer_shoppers¤shopizer_01_nolog_copie_3" objectid="280" type="ACTION" value="01a6ffe7-7c5c-46aa-ba39-6875fcca9ada"/>
<objectids-entry key="Zone par défaut¤Shopizer_shoppers¤shopizer_01_nolog_copie_3" objectid="281" type="BASIC_LOGICAL_CONTAINER" value="35f72dcf-a316-43b4-9018-090a30c79242"/>
<objectids-entry key="Zone par défaut¤Shopizer_shoppers¤shopizer_01_nolog_copie_3" objectid="282" type="HTTP_PAGE" value="f59216ab-8ed7-47ec-8f35-2b7ad46070da"/>
<objectids-entry key="Zone par défaut¤Shopizer_shoppers¤shopizer_01_nolog_copie_3" objectid="283" type="ACTION" value="32b76420-4f3d-48c3-bdc7-ca2779315cd0"/>
<objectids-entry key="Zone par défaut¤Shopizer_shoppers¤shopizer_01_nolog_copie_3" objectid="284" type="ACTION" value="3a4397dd-9b54-46a6-8f8a-3c2b2bfca4c0"/>
<objectids-entry key="Zone par défaut¤Shopizer_shoppers¤shopizer_01_nolog_copie_3" objectid="285" type="ACTION" value="9717e31d-0c41-4098-81b0-a6b4b5b20de4"/>
<objectids-entry key="Zone par défaut¤Shopizer_shoppers¤shopizer_01_nolog_copie_3" objectid="286" type="ACTION" value="f9e87864-366a-4db1-8c4d-f57a04c2b7cc"/>
<objectids-entry key="Zone par défaut¤Shopizer_shoppers¤shopizer_01_nolog_copie_3" objectid="287" type="ACTION" value="9428248b-a5e9-4955-ad62-bdc15a8a371a"/>
<objectids-entry key="Zone par défaut¤Shopizer_shoppers¤shopizer_01_nolog_copie_3" objectid="288" type="ACTION" value="a137512d-4ebf-4736-8284-e71440b122ff"/>
<objectids-entry key="Zone par défaut¤Shopizer_shoppers¤shopizer_01_nolog_copie_3" objectid="289" type="BASIC_LOGICAL_CONTAINER" value="12311ace-2401-4e0c-86dd-95ada9a44839"/>
<objectids-entry key="Zone par défaut¤Shopizer_shoppers¤shopizer_01_nolog_copie_3" objectid="290" type="HTTP_PAGE" value="f64a19b5-aea1-4ff5-8f17-9b995fcbe941"/>
<objectids-entry key="Zone par défaut¤Shopizer_shoppers¤shopizer_01_nolog_copie_3" objectid="291" type="ACTION" value="118a0c47-3492-48d6-bbc0-2b1cd53b75c2"/>
<objectids-entry key="Zone par défaut¤Shopizer_shoppers¤shopizer_01_nolog_copie_3" objectid="292" type="ACTION" value="2fd7dc88-2668-48c6-b504-5ec7e39b35b4"/>
<objectids-entry key="Zone par défaut¤Shopizer_shoppers¤shopizer_01_nolog_copie_3" objectid="293" type="ACTION" value="6c2cf973-7a2a-4010-83fa-dc39a12252af"/>
<objectids-entry key="Zone par défaut¤Shopizer_shoppers¤shopizer_01_nolog_copie_3" objectid="294" type="ACTION" value="5d3b246c-0b3a-45f6-8334-08fd2793e33f"/>
<objectids-entry key="Zone par défaut¤Shopizer_shoppers¤shopizer_01_nolog_copie_3" objectid="295" type="ACTION" value="c0438ed0-6f19-4c07-b098-c9f3649b53fa"/>
<objectids-entry key="Zone par défaut¤Shopizer_shoppers¤shopizer_01_nolog_copie_3" objectid="296" type="ACTION" value="6ea8f0d0-3efc-430a-a4d0-61cad527ee68"/>
<objectids-entry key="Zone par défaut¤Shopizer_shoppers¤shopizer_01_nolog_copie_3" objectid="297" type="ACTION" value="239621dd-99a2-4583-8f79-beae56f2308b"/>
<objectids-entry key="Zone par défaut¤Shopizer_shoppers¤shopizer_01_nolog_copie_3" objectid="298" type="BASIC_LOGICAL_CONTAINER" value="638c304b-699a-4548-b023-5047ee149d71"/>
<objectids-entry key="Zone par défaut¤Shopizer_shoppers¤shopizer_01_nolog_copie_3" objectid="299" type="HTTP_PAGE" value="b5c04f4c-b6a4-48ed-9f5c-1c988a0b01b3"/>
<objectids-entry key="Zone par défaut¤Shopizer_shoppers¤shopizer_01_nolog_copie_3" objectid="300" type="ACTION" value="4b0dffe3-7ff7-4070-a721-bcff79134d53"/>
<objectids-entry key="Zone par défaut¤Shopizer_shoppers¤shopizer_01_nolog_copie_3" objectid="301" type="ACTION" value="eafa7cf6-cb3c-4e28-acb9-331afe88dadc"/>
<objectids-entry key="Zone par défaut¤Shopizer_shoppers¤shopizer_01_nolog_copie_3" objectid="302" type="HTTP_PAGE" value="7b7238e8-87bd-4d27-ad17-4ab8ec60f886"/>
<objectids-entry key="Zone par défaut¤Shopizer_shoppers¤shopizer_01_nolog_copie_3" objectid="303" type="ACTION" value="074e0498-8f7f-413e-a394-c257d1ea21ee"/>
<objectids-entry key="Zone par défaut¤Shopizer_shoppers¤shopizer_01_nolog_copie_3" objectid="304" type="HTTP_PAGE" value="74651fff-dc5d-43bd-a956-3a6d4fe42ea1"/>
<objectids-entry key="Zone par défaut¤Shopizer_shoppers¤shopizer_01_nolog_copie_3" objectid="305" type="ACTION" value="2e3d94c3-48a2-48ea-a28e-585b30f9ed36"/>
<objectids-entry key="Zone par défaut¤Shopizer_shoppers¤shopizer_01_nolog_copie_3" objectid="306" type="HTTP_PAGE" value="6eb56db0-5462-48c6-8aa5-df8c9b5ce5e1"/>
<objectids-entry key="Zone par défaut¤Shopizer_shoppers¤shopizer_01_nolog_copie_3" objectid="307" type="ACTION" value="ed457975-7ec4-4300-ba1d-e28d3647f46c"/>
<objectids-entry key="Zone par défaut¤Shopizer_shoppers¤shopizer_01_nolog_copie_3" objectid="308" type="HTTP_PAGE" value="9b38e6e5-5aef-475d-bfb0-6d659afd309e"/>
<objectids-entry key="Zone par défaut¤Shopizer_shoppers¤shopizer_01_nolog_copie_3" objectid="309" type="ACTION" value="b28f41b2-3f30-48fd-8f32-8a199e7d20e7"/>
<objectids-entry key="Zone par défaut¤Shopizer_shoppers¤shopizer_01_nolog_copie_3" objectid="310" type="HTTP_PAGE" value="0f0268ca-ae7f-4e5b-8bbf-dc38fb71bc6a"/>
<objectids-entry key="Zone par défaut¤Shopizer_shoppers¤shopizer_01_nolog_copie_3" objectid="311" type="ACTION" value="689c79a2-0649-4ef0-b9fd-51c5ca7d98cb"/>
<objectids-entry key="Zone par défaut¤Shopizer_shoppers¤shopizer_01_nolog_copie_3" objectid="312" type="HTTP_PAGE" value="8ec9fef1-4e09-4132-9131-f189706aba87"/>
<objectids-entry key="Zone par défaut¤Shopizer_shoppers¤shopizer_01_nolog_copie_3" objectid="313" type="ACTION" value="fa351b64-e1d2-40bc-8a88-4e07fb15baa2"/>
<objectids-entry key="Zone par défaut¤Shopizer_shoppers¤shopizer_01_nolog_copie_3" objectid="314" type="HTTP_PAGE" value="31687869-d07e-4da1-b466-7d84796fccb9"/>
<objectids-entry key="Zone par défaut¤Shopizer_shoppers¤shopizer_01_nolog_copie_3" objectid="315" type="ACTION" value="a5f246e6-658b-4e0e-a00b-ab1446d8e518"/>
<objectids-entry key="Zone par défaut¤Shopizer_shoppers¤shopizer_01_nolog_copie_3" objectid="316" type="HTTP_PAGE" value="574885ac-4811-4a07-8798-0c94f4b3c76b"/>
<objectids-entry key="Zone par défaut¤Shopizer_shoppers¤shopizer_01_nolog_copie_3" objectid="317" type="ACTION" value="e6dcf0b0-aa6c-4e33-8887-ca50e9ff16fc"/>
<objectids-entry key="Zone par défaut¤Shopizer_shoppers¤shopizer_01_nolog_copie_3" objectid="318" type="ACTION" value="a2c34331-4988-4c14-94fc-b564cf58db0c"/>
<objectids-entry key="Zone par défaut¤Shopizer_shoppers¤shopizer_01_nolog_copie_3" objectid="319" type="ACTION" value="23013c2c-1a4f-44ff-a4fb-f052cb0a7b11"/>
<objectids-entry key="Zone par défaut¤Shopizer_shoppers¤shopizer_01_nolog_copie_3" objectid="320" type="ACTION" value="2ac63ac3-c7f3-4355-afe0-7f1ab744ce27"/>
<objectids-entry key="Zone par défaut¤Shopizer_shoppers¤shopizer_01_nolog_copie_3" objectid="321" type="BASIC_LOGICAL_CONTAINER" value="$parent=shopizer_01_nolog_copie_3;$index=2"/>
<objectids-entry key="¤¤" objectid="322" type="MONITORED_HOST" value="3.8.187.97"/>
<objectids-entry key="¤¤" objectid="323" type="MONITORCONNECTION" value="3.8.187.97$mysql"/>
<objectids-entry key="¤¤" objectid="324" type="MONITOR" value="3.8.187.97$mysql$Connections/ threads connected"/>
<objectids-entry key="¤¤" objectid="325" type="MONITOR" value="3.8.187.97$mysql$Connections/ aborted clients"/>
<objectids-entry key="¤¤" objectid="326" type="THRESHOLD" value="3.8.187.97$mysql$ce53c554-328f-44ab-b93d-1ac77b59cc3c"/>
<objectids-entry key="¤¤" objectid="327" type="MONITOR" value="3.8.187.97$mysql$Connections/ aborted connects"/>
<objectids-entry key="¤¤" objectid="328" type="THRESHOLD" value="3.8.187.97$mysql$9284dd4a-9edb-4b9b-88f5-f278e71d2cac"/>
<objectids-entry key="¤¤" objectid="329" type="MONITOR" value="3.8.187.97$mysql$Connections/ max used"/>
<objectids-entry key="¤¤" objectid="330" type="MONITOR" value="3.8.187.97$mysql$Select Rates/ select full join"/>
<objectids-entry key="¤¤" objectid="331" type="THRESHOLD" value="3.8.187.97$mysql$3763cc21-f281-4cef-997b-50392d31501f"/>
<objectids-entry key="¤¤" objectid="332" type="MONITOR" value="3.8.187.97$mysql$Select Rates/ select range check"/>
<objectids-entry key="¤¤" objectid="333" type="MONITOR" value="3.8.187.97$mysql$Read Rates/ handler read random"/>
<objectids-entry key="¤¤" objectid="334" type="MONITOR" value="3.8.187.97$mysql$Read Rates/ handler read random next"/>
<objectids-entry key="¤¤" objectid="335" type="MONITOR" value="3.8.187.97$mysql$Key Rates/ key reads (disk)"/>
<objectids-entry key="¤¤" objectid="336" type="MONITOR" value="3.8.187.97$mysql$Key Rates/ key writes (disk)"/>
<objectids-entry key="¤¤" objectid="337" type="MONITOR" value="3.8.187.97$mysql$Commands Rates/ handler rollback"/>
<objectids-entry key="¤¤" objectid="338" type="MONITOR" value="3.8.187.97$mysql$Commands Rates/ handler savepoint rollback"/>
<objectids-entry key="¤¤" objectid="339" type="MONITOR" value="3.8.187.97$mysql$Tables/ table locks waited"/>
<objectids-entry key="¤¤" objectid="340" type="THRESHOLD" value="3.8.187.97$mysql$41f13911-72a5-4a68-bac8-17b0d92f24dd"/>
<objectids-entry key="¤¤" objectid="341" type="MONITOR" value="3.8.187.97$mysql$Memory/ % key buffer size"/>
<objectids-entry key="¤¤" objectid="342" type="THRESHOLD" value="3.8.187.97$mysql$e135157f-2258-45ac-b390-33d5e617ff30"/>
<objectids-entry key="¤¤" objectid="343" type="MONITOR" value="3.8.187.97$mysql$Misc./ slow queries"/>
<objectids-entry key="¤¤" objectid="344" type="THRESHOLD" value="3.8.187.97$mysql$e5274b8e-5d0b-4222-b0f9-fc61af7e7a36"/>
<objectids-entry key="¤¤" objectid="345" type="MONITOR" value="3.8.187.97$mysql$Misc./ slow launch threads"/>
<objectids-entry key="¤¤" objectid="346" type="MONITOR" value="3.8.187.97$mysql$Misc./ sort merge passes"/>
<objectids-entry key="¤¤" objectid="347" type="THRESHOLD" value="3.8.187.97$mysql$db8fd4eb-0fb3-474b-9c58-c76797ca6d91"/>
<objectids-entry key="¤¤" objectid="348" type="MONITOR" value="3.8.187.97$mysql$Misc./ not flushed delayed rows"/>
<objectids-entry key="¤¤" objectid="349" type="MONITOR" value="3.8.187.97$mysql$Description/ Database Version"/>
<objectids-entry key="¤¤" objectid="350" type="MONITORCONNECTION" value="3.8.187.97$http-apache"/>
<objectids-entry key="¤¤" objectid="351" type="MONITORCONNECTION" value="3.8.187.97$tomcat"/>
<objectids-entry key="¤¤" objectid="352" type="MONITOR" value="3.8.187.97$tomcat$RequestProcessor/-ajp-bio-127.0.0.1-8009-/errorCount"/>
<objectids-entry key="¤¤" objectid="353" type="MONITOR" value="3.8.187.97$tomcat$RequestProcessor/-ajp-bio-127.0.0.1-8009-/% errorCount"/>
<objectids-entry key="¤¤" objectid="354" type="THRESHOLD" value="3.8.187.97$tomcat$96d1db37-c4eb-4f1f-8a59-a532dc1f6dc0"/>
<objectids-entry key="¤¤" objectid="355" type="MONITOR" value="3.8.187.97$tomcat$RequestProcessor/-http-bio-8080-/errorCount"/>
<objectids-entry key="¤¤" objectid="356" type="MONITOR" value="3.8.187.97$tomcat$RequestProcessor/-http-bio-8080-/% errorCount"/>
<objectids-entry key="¤¤" objectid="357" type="THRESHOLD" value="3.8.187.97$tomcat$4fa548a3-33b6-49c1-a705-d4f2af3a555c"/>
<objectids-entry key="¤¤" objectid="358" type="MONITOR" value="3.8.187.97$tomcat$ThreadPool/-ajp-bio-127.0.0.1-8009-/currentThreadsBusy"/>
<objectids-entry key="¤¤" objectid="359" type="MONITOR" value="3.8.187.97$tomcat$ThreadPool/-ajp-bio-127.0.0.1-8009-/% currentThreadsBusy"/>
<objectids-entry key="¤¤" objectid="360" type="THRESHOLD" value="3.8.187.97$tomcat$c620b406-5587-4bfb-8231-30d4eaa8c1fe"/>
<objectids-entry key="¤¤" objectid="361" type="MONITOR" value="3.8.187.97$tomcat$ThreadPool/-ajp-bio-127.0.0.1-8009-/threadsConfiguration"/>
<objectids-entry key="¤¤" objectid="362" type="MONITOR" value="3.8.187.97$tomcat$ThreadPool/-http-bio-8080-/currentThreadsBusy"/>
<objectids-entry key="¤¤" objectid="363" type="MONITOR" value="3.8.187.97$tomcat$ThreadPool/-http-bio-8080-/% currentThreadsBusy"/>
<objectids-entry key="¤¤" objectid="364" type="THRESHOLD" value="3.8.187.97$tomcat$4dfbb073-5fe6-47ef-93d1-2bc1d5544504"/>
<objectids-entry key="¤¤" objectid="365" type="MONITOR" value="3.8.187.97$tomcat$ThreadPool/-http-bio-8080-/threadsConfiguration"/>
<objectids-entry key="¤¤" objectid="366" type="MONITOR" value="3.8.187.97$tomcat$VM/Memory/Used"/>
<objectids-entry key="¤¤" objectid="367" type="MONITOR" value="3.8.187.97$tomcat$VM/Memory/% Used"/>
<objectids-entry key="¤¤" objectid="368" type="THRESHOLD" value="3.8.187.97$tomcat$664c55a4-d772-4c86-92fd-18381a8334e7"/>
<objectids-entry key="¤¤" objectid="369" type="MONITOR" value="3.8.187.97$tomcat$VM/Memory/Max"/>
<objectids-entry key="¤¤" objectid="370" type="MONITOR" value="3.8.187.97$tomcat$VM/Garbage Collector/PS MarkSweep/CollectionTime"/>
<objectids-entry key="¤¤" objectid="371" type="MONITOR" value="3.8.187.97$tomcat$VM/Garbage Collector/PS Scavenge/CollectionTime"/>
<objectids-entry key="¤¤" objectid="372" type="MONITOR" value="3.8.187.97$tomcat$Description/Specification/Host"/>
<objectids-entry key="¤¤" objectid="373" type="MONITOR" value="3.8.187.97$tomcat$Description/JVM"/>
<objectids-entry key="¤¤" objectid="374" type="MONITORCONNECTION" value="3.8.187.97$http-apache_1"/>
<objectids-entry key="¤¤" objectid="375" type="MONITORCONNECTION" value="3.8.187.97$tomcat_1"/>
<objectids-entry key="¤¤" objectid="376" type="MONITOR" value="3.8.187.97$tomcat_1$RequestProcessor/-ajp-bio-127.0.0.1-8009-/errorCount"/>
<objectids-entry key="¤¤" objectid="377" type="MONITOR" value="3.8.187.97$tomcat_1$RequestProcessor/-ajp-bio-127.0.0.1-8009-/% errorCount"/>
<objectids-entry key="¤¤" objectid="378" type="THRESHOLD" value="3.8.187.97$tomcat_1$bc5f29bb-6ff2-41bc-ab86-ab73f1f1e6c9"/>
<objectids-entry key="¤¤" objectid="379" type="MONITOR" value="3.8.187.97$tomcat_1$RequestProcessor/-http-bio-8080-/errorCount"/>
<objectids-entry key="¤¤" objectid="380" type="MONITOR" value="3.8.187.97$tomcat_1$RequestProcessor/-http-bio-8080-/% errorCount"/>
<objectids-entry key="¤¤" objectid="381" type="THRESHOLD" value="3.8.187.97$tomcat_1$f724f121-6c12-407b-a01c-ee055b15b60e"/>
<objectids-entry key="¤¤" objectid="382" type="MONITOR" value="3.8.187.97$tomcat_1$ThreadPool/-ajp-bio-127.0.0.1-8009-/currentThreadsBusy"/>
<objectids-entry key="¤¤" objectid="383" type="MONITOR" value="3.8.187.97$tomcat_1$ThreadPool/-ajp-bio-127.0.0.1-8009-/% currentThreadsBusy"/>
<objectids-entry key="¤¤" objectid="384" type="THRESHOLD" value="3.8.187.97$tomcat_1$d27d65c4-aeb4-4828-8dd0-9da60d3484bf"/>
<objectids-entry key="¤¤" objectid="385" type="MONITOR" value="3.8.187.97$tomcat_1$ThreadPool/-ajp-bio-127.0.0.1-8009-/threadsConfiguration"/>
<objectids-entry key="¤¤" objectid="386" type="MONITOR" value="3.8.187.97$tomcat_1$ThreadPool/-http-bio-8080-/currentThreadsBusy"/>
<objectids-entry key="¤¤" objectid="387" type="MONITOR" value="3.8.187.97$tomcat_1$ThreadPool/-http-bio-8080-/% currentThreadsBusy"/>
<objectids-entry key="¤¤" objectid="388" type="THRESHOLD" value="3.8.187.97$tomcat_1$c4232bc1-2a47-42a4-a4c9-5da779ddc159"/>
<objectids-entry key="¤¤" objectid="389" type="MONITOR" value="3.8.187.97$tomcat_1$ThreadPool/-http-bio-8080-/threadsConfiguration"/>
<objectids-entry key="¤¤" objectid="390" type="MONITOR" value="3.8.187.97$tomcat_1$VM/Memory/Used"/>
<objectids-entry key="¤¤" objectid="391" type="MONITOR" value="3.8.187.97$tomcat_1$VM/Memory/% Used"/>
<objectids-entry key="¤¤" objectid="392" type="THRESHOLD" value="3.8.187.97$tomcat_1$1e880876-4bf0-4bc8-aea8-d9d052602fe4"/>
<objectids-entry key="¤¤" objectid="393" type="MONITOR" value="3.8.187.97$tomcat_1$VM/Memory/Max"/>
<objectids-entry key="¤¤" objectid="394" type="MONITOR" value="3.8.187.97$tomcat_1$VM/Garbage Collector/PS MarkSweep/CollectionTime"/>
<objectids-entry key="¤¤" objectid="395" type="MONITOR" value="3.8.187.97$tomcat_1$VM/Garbage Collector/PS Scavenge/CollectionTime"/>
<objectids-entry key="¤¤" objectid="396" type="MONITOR" value="3.8.187.97$tomcat_1$Description/JVM"/>
<objectids-entry key="¤¤" objectid="397" type="MONITOR" value="3.8.187.97$tomcat_1$Description/Specification/Host"/>
<objectids-entry key="¤¤" objectid="398" type="MONITORCONNECTION" value="3.8.187.97$mysql_1"/>
<objectids-entry key="¤¤" objectid="399" type="MONITOR" value="3.8.187.97$mysql_1$Connections/ threads connected"/>
<objectids-entry key="¤¤" objectid="400" type="MONITOR" value="3.8.187.97$mysql_1$Connections/ aborted clients"/>
<objectids-entry key="¤¤" objectid="401" type="THRESHOLD" value="3.8.187.97$mysql_1$3f940ba8-7e13-469a-af20-5a339f73ff61"/>
<objectids-entry key="¤¤" objectid="402" type="MONITOR" value="3.8.187.97$mysql_1$Connections/ aborted connects"/>
<objectids-entry key="¤¤" objectid="403" type="THRESHOLD" value="3.8.187.97$mysql_1$fdf8f1e9-a669-4bca-a068-4c4210270a3c"/>
<objectids-entry key="¤¤" objectid="404" type="MONITOR" value="3.8.187.97$mysql_1$Connections/ max used"/>
<objectids-entry key="¤¤" objectid="405" type="MONITOR" value="3.8.187.97$mysql_1$Select Rates/ select full join"/>
<objectids-entry key="¤¤" objectid="406" type="THRESHOLD" value="3.8.187.97$mysql_1$41e13f0a-1e50-49e3-b74d-bea4546eb372"/>
<objectids-entry key="¤¤" objectid="407" type="MONITOR" value="3.8.187.97$mysql_1$Select Rates/ select range check"/>
<objectids-entry key="¤¤" objectid="408" type="MONITOR" value="3.8.187.97$mysql_1$Read Rates/ handler read random"/>
<objectids-entry key="¤¤" objectid="409" type="MONITOR" value="3.8.187.97$mysql_1$Read Rates/ handler read random next"/>
<objectids-entry key="¤¤" objectid="410" type="MONITOR" value="3.8.187.97$mysql_1$Key Rates/ key reads (disk)"/>
<objectids-entry key="¤¤" objectid="411" type="MONITOR" value="3.8.187.97$mysql_1$Key Rates/ key writes (disk)"/>
<objectids-entry key="¤¤" objectid="412" type="MONITOR" value="3.8.187.97$mysql_1$Commands Rates/ handler rollback"/>
<objectids-entry key="¤¤" objectid="413" type="MONITOR" value="3.8.187.97$mysql_1$Commands Rates/ handler savepoint rollback"/>
<objectids-entry key="¤¤" objectid="414" type="MONITOR" value="3.8.187.97$mysql_1$Tables/ table locks waited"/>
<objectids-entry key="¤¤" objectid="415" type="THRESHOLD" value="3.8.187.97$mysql_1$b5c4a9c1-2abc-48de-a517-7c6e6088bd60"/>
<objectids-entry key="¤¤" objectid="416" type="MONITOR" value="3.8.187.97$mysql_1$Memory/ % key buffer size"/>
<objectids-entry key="¤¤" objectid="417" type="THRESHOLD" value="3.8.187.97$mysql_1$57be9eff-a0d1-4b5f-bda2-fede942bb0d8"/>
<objectids-entry key="¤¤" objectid="418" type="MONITOR" value="3.8.187.97$mysql_1$Misc./ slow queries"/>
<objectids-entry key="¤¤" objectid="419" type="THRESHOLD" value="3.8.187.97$mysql_1$bc9b10ab-9ec7-4add-9cb9-a0aa5a48b657"/>
<objectids-entry key="¤¤" objectid="420" type="MONITOR" value="3.8.187.97$mysql_1$Misc./ slow launch threads"/>
<objectids-entry key="¤¤" objectid="421" type="MONITOR" value="3.8.187.97$mysql_1$Misc./ sort merge passes"/>
<objectids-entry key="¤¤" objectid="422" type="THRESHOLD" value="3.8.187.97$mysql_1$fc1b4eb5-e58b-43f3-a232-67f4a3eb84de"/>
<objectids-entry key="¤¤" objectid="423" type="MONITOR" value="3.8.187.97$mysql_1$Misc./ not flushed delayed rows"/>
<objectids-entry key="¤¤" objectid="424" type="MONITOR" value="3.8.187.97$mysql_1$Description/ Database Version"/>
<objectids-entry key="¤¤" objectid="425" type="MONITORED_HOST" value="85.171.20.78"/>
<objectids-entry key="¤¤" objectid="426" type="MONITORCONNECTION" value="85.171.20.78$mysql"/>
<objectids-entry key="¤¤" objectid="427" type="MONITOR" value="85.171.20.78$mysql$Connections/ threads connected"/>
<objectids-entry key="¤¤" objectid="428" type="MONITOR" value="85.171.20.78$mysql$Connections/ aborted clients"/>
<objectids-entry key="¤¤" objectid="429" type="THRESHOLD" value="85.171.20.78$mysql$8ba64a3a-5f90-4377-b516-64ab201d825d"/>
<objectids-entry key="¤¤" objectid="430" type="MONITOR" value="85.171.20.78$mysql$Connections/ aborted connects"/>
<objectids-entry key="¤¤" objectid="431" type="THRESHOLD" value="85.171.20.78$mysql$4a3dabe5-911a-47e6-8a1b-aa875092e564"/>
<objectids-entry key="¤¤" objectid="432" type="MONITOR" value="85.171.20.78$mysql$Connections/ max used"/>
<objectids-entry key="¤¤" objectid="433" type="MONITOR" value="85.171.20.78$mysql$Select Rates/ select full join"/>
<objectids-entry key="¤¤" objectid="434" type="THRESHOLD" value="85.171.20.78$mysql$9ad60902-36c1-4b5e-96ee-c405e29f171a"/>
<objectids-entry key="¤¤" objectid="435" type="MONITOR" value="85.171.20.78$mysql$Select Rates/ select range check"/>
<objectids-entry key="¤¤" objectid="436" type="MONITOR" value="85.171.20.78$mysql$Read Rates/ handler read random"/>
<objectids-entry key="¤¤" objectid="437" type="MONITOR" value="85.171.20.78$mysql$Read Rates/ handler read random next"/>
<objectids-entry key="¤¤" objectid="438" type="MONITOR" value="85.171.20.78$mysql$Key Rates/ key reads (disk)"/>
<objectids-entry key="¤¤" objectid="439" type="MONITOR" value="85.171.20.78$mysql$Key Rates/ key writes (disk)"/>
<objectids-entry key="¤¤" objectid="440" type="MONITOR" value="85.171.20.78$mysql$Commands Rates/ handler rollback"/>
<objectids-entry key="¤¤" objectid="441" type="MONITOR" value="85.171.20.78$mysql$Commands Rates/ handler savepoint rollback"/>
<objectids-entry key="¤¤" objectid="442" type="MONITOR" value="85.171.20.78$mysql$Tables/ table locks waited"/>
<objectids-entry key="¤¤" objectid="443" type="THRESHOLD" value="85.171.20.78$mysql$52113571-b9ef-45c1-84fb-32dfe4998186"/>
<objectids-entry key="¤¤" objectid="444" type="MONITOR" value="85.171.20.78$mysql$Memory/ % key buffer size"/>
<objectids-entry key="¤¤" objectid="445" type="THRESHOLD" value="85.171.20.78$mysql$a5e641be-a766-4deb-81de-d25de9ed58c0"/>
<objectids-entry key="¤¤" objectid="446" type="MONITOR" value="85.171.20.78$mysql$Misc./ slow queries"/>
<objectids-entry key="¤¤" objectid="447" type="THRESHOLD" value="85.171.20.78$mysql$0df2a352-da9c-4722-a852-95f65a456afa"/>
<objectids-entry key="¤¤" objectid="448" type="MONITOR" value="85.171.20.78$mysql$Misc./ slow launch threads"/>
<objectids-entry key="¤¤" objectid="449" type="MONITOR" value="85.171.20.78$mysql$Misc./ sort merge passes"/>
<objectids-entry key="¤¤" objectid="450" type="THRESHOLD" value="85.171.20.78$mysql$bbdedf10-141a-48d1-9424-ba4c21a54ed0"/>
<objectids-entry key="¤¤" objectid="451" type="MONITOR" value="85.171.20.78$mysql$Misc./ not flushed delayed rows"/>
<objectids-entry key="¤¤" objectid="452" type="MONITOR" value="85.171.20.78$mysql$Description/ Database Version"/>
<objectids-entry key="¤¤" objectid="453" type="MONITORED_HOST" value="NeoLoad"/>
<objectids-entry key="¤¤" objectid="454" type="MONITORCONNECTION" value="NeoLoad$NeoLoad"/>
<objectids-entry key="¤¤" objectid="455" type="MONITOR" value="NeoLoad$NeoLoad$UserLoad"/>
<objectids-entry key="¤¤" objectid="456" type="MONITOR" value="NeoLoad$NeoLoad$throughput"/>
<objectids-entry key="¤¤" objectid="457" type="MONITOR" value="NeoLoad$NeoLoad$Alerts"/>
<objectids-entry key="¤¤" objectid="458" type="MONITOR" value="NeoLoad$NeoLoad$CriticalAlerts"/>
<objectids-entry key="¤¤" objectid="459" type="MONITOR" value="NeoLoad$NeoLoad$WarningAlerts"/>
<objectids-entry key="¤¤" objectid="460" type="MONITOR" value="NeoLoad$NeoLoad$cpu"/>
<objectids-entry key="¤¤" objectid="461" type="THRESHOLD" value="NeoLoad$NeoLoad$a139074e-8722-47a3-b914-d39ab7ce46fe"/>
<objectids-entry key="¤¤" objectid="462" type="MONITOR" value="NeoLoad$NeoLoad$memory"/>
<objectids-entry key="¤¤" objectid="463" type="THRESHOLD" value="NeoLoad$NeoLoad$f7eae6ff-ba5b-4956-b555-f208dcc57576"/>
<objectids-entry key="¤¤" objectid="464" type="MONITOR" value="NeoLoad$NeoLoad$threadcount"/>
<objectids-entry key="¤¤" objectid="465" type="MONITOR" value="NeoLoad$NeoLoad$connectedlg"/>
<objectids-entry key="¤¤" objectid="466" type="MONITOR" value="NeoLoad$NeoLoad$totallgdisconnections"/>
<objectids-entry key="¤¤" objectid="467" type="THRESHOLD" value="NeoLoad$NeoLoad$7256c66d-b832-4d0b-b917-75045dca5718"/>
<objectids-entry key="¤¤" objectid="468" type="MONITOR" value="NeoLoad$NeoLoad$totallgreconnections"/>
<objectids-entry key="¤¤" objectid="469" type="MONITOR" value="NeoLoad$NeoLoad$otcp.NeoLoad"/>
<objectids-entry key="¤¤" objectid="470" type="MONITOR" value="NeoLoad$NeoLoad$tcp.NeoLoad"/>
<objectids-entry key="¤¤" objectid="471" type="MONITOR" value="NeoLoad$NeoLoad$ibytesperinterface~NeoLoad~wlan1"/>
<objectids-entry key="¤¤" objectid="472" type="MONITOR" value="NeoLoad$NeoLoad$obytesperinterface~NeoLoad~wlan1"/>
<objectids-entry key="¤¤" objectid="473" type="MONITOR" value="NeoLoad$NeoLoad$ibytesperinterface~NeoLoad~wlan0"/>
<objectids-entry key="¤¤" objectid="474" type="MONITOR" value="NeoLoad$NeoLoad$obytesperinterface~NeoLoad~wlan0"/>
<objectids-entry key="¤¤" objectid="475" type="MONITOR" value="NeoLoad$NeoLoad$ibytesperinterface~NeoLoad~eth4"/>
<objectids-entry key="¤¤" objectid="476" type="MONITOR" value="NeoLoad$NeoLoad$obytesperinterface~NeoLoad~eth4"/>
<objectids-entry key="¤¤" objectid="477" type="MONITOR" value="NeoLoad$NeoLoad$ibytesperinterface~NeoLoad~eth2"/>
<objectids-entry key="¤¤" objectid="478" type="MONITOR" value="NeoLoad$NeoLoad$obytesperinterface~NeoLoad~eth2"/>
<objectids-entry key="¤¤" objectid="479" type="MONITOR" value="NeoLoad$NeoLoad$ibytesperinterface~NeoLoad~eth17"/>
<objectids-entry key="¤¤" objectid="480" type="MONITOR" value="NeoLoad$NeoLoad$obytesperinterface~NeoLoad~eth17"/>
<objectids-entry key="¤¤" objectid="481" type="MONITOR" value="NeoLoad$NeoLoad$nlwebdownload"/>
<objectids-entry key="¤¤" objectid="482" type="MONITOR" value="NeoLoad$NeoLoad$nlwebupload"/>
<objectids-entry key="¤¤" objectid="483" type="MONITOR" value="NeoLoad$NeoLoad$SapUserLoad"/>
<objectids-entry key="¤¤" objectid="484" type="MONITOR" value="NeoLoad$NeoLoad$CitrixUserLoad"/>
<objectids-entry key="¤¤" objectid="485" type="MONITOR" value="NeoLoad$NeoLoad$zoneuserload~Zone par défaut"/>
<objectids-entry key="¤¤" objectid="486" type="MONITOR" value="NeoLoad$NeoLoad$zoneuserloadperpopulation~Zone par défaut~Shopizer_shoppers"/>
<objectids-entry key="¤¤" objectid="487" type="MONITOR" value="NeoLoad$NeoLoad$zoneuserloadperpopulation~Zone par défaut~Shopizer_shoppers~shopizer_01_nolog_copie_3"/>
<objectids-entry key="¤¤" objectid="488" type="MONITOR" value="NeoLoad$NeoLoad$zoneuserloadperpopulation~Zone par défaut~Shopizer_shoppers~shopizer_01_nolog_copie_4"/>
<objectids-entry key="¤¤" objectid="489" type="MONITORED_HOST" value="Injecteur localhost:7100"/>
<objectids-entry key="¤¤" objectid="490" type="MONITORCONNECTION" value="Injecteur localhost:7100$NeoLoad"/>
<objectids-entry key="¤¤" objectid="491" type="MONITOR" value="Injecteur localhost:7100$NeoLoad$lgcpu.localhost:7100"/>
<objectids-entry key="¤¤" objectid="492" type="THRESHOLD" value="Injecteur localhost:7100$NeoLoad$e395b0f2-fa69-4630-b2c3-a8929027e3af"/>
<objectids-entry key="¤¤" objectid="493" type="MONITOR" value="Injecteur localhost:7100$NeoLoad$lgmemory.localhost:7100"/>
<objectids-entry key="¤¤" objectid="494" type="THRESHOLD" value="Injecteur localhost:7100$NeoLoad$3c95479e-5664-4967-97a8-cc78b7c22ade"/>
<objectids-entry key="¤¤" objectid="495" type="MONITOR" value="Injecteur localhost:7100$NeoLoad$lgthroughput.localhost:7100"/>
<objectids-entry key="¤¤" objectid="496" type="MONITOR" value="Injecteur localhost:7100$NeoLoad$lguserloadperpopulation~localhost:7100"/>
<objectids-entry key="¤¤" objectid="497" type="MONITOR" value="Injecteur localhost:7100$NeoLoad$lgthreadcount.localhost:7100"/>
<objectids-entry key="¤¤" objectid="498" type="MONITOR" value="Injecteur localhost:7100$NeoLoad$lg.jetty.httpclient.threadpool.used.localhost:7100"/>
<objectids-entry key="¤¤" objectid="499" type="MONITOR" value="Injecteur localhost:7100$NeoLoad$lg.jetty.httpclient.taskpool.used.localhost:7100"/>
<objectids-entry key="¤¤" objectid="500" type="THRESHOLD" value="Injecteur localhost:7100$NeoLoad$adfcb94e-6b65-47d5-a01c-e94363b53f2e"/>
<objectids-entry key="¤¤" objectid="501" type="MONITOR" value="Injecteur localhost:7100$NeoLoad$lgdisconnections.localhost:7100"/>
<objectids-entry key="¤¤" objectid="502" type="MONITOR" value="Injecteur localhost:7100$NeoLoad$lgreconnections.localhost:7100"/>
<objectids-entry key="¤¤" objectid="503" type="MONITOR" value="Injecteur localhost:7100$NeoLoad$lgping.localhost:7100"/>
<objectids-entry key="¤¤" objectid="504" type="MONITOR" value="Injecteur localhost:7100$NeoLoad$lgotcp.localhost:7100"/>
<objectids-entry key="¤¤" objectid="505" type="MONITOR" value="Injecteur localhost:7100$NeoLoad$lgtcp.localhost:7100"/>
<objectids-entry key="¤¤" objectid="506" type="MONITOR" value="Injecteur localhost:7100$NeoLoad$lgibytesperinterface~localhost:7100~wlan1"/>
<objectids-entry key="¤¤" objectid="507" type="MONITOR" value="Injecteur localhost:7100$NeoLoad$lgobytesperinterface~localhost:7100~wlan1"/>
<objectids-entry key="¤¤" objectid="508" type="MONITOR" value="Injecteur localhost:7100$NeoLoad$lgibytesperinterface~localhost:7100~wlan0"/>
<objectids-entry key="¤¤" objectid="509" type="MONITOR" value="Injecteur localhost:7100$NeoLoad$lgobytesperinterface~localhost:7100~wlan0"/>
<objectids-entry key="¤¤" objectid="510" type="MONITOR" value="Injecteur localhost:7100$NeoLoad$lgibytesperinterface~localhost:7100~eth4"/>
<objectids-entry key="¤¤" objectid="511" type="MONITOR" value="Injecteur localhost:7100$NeoLoad$lgobytesperinterface~localhost:7100~eth4"/>
<objectids-entry key="¤¤" objectid="512" type="MONITOR" value="Injecteur localhost:7100$NeoLoad$lgibytesperinterface~localhost:7100~eth2"/>
<objectids-entry key="¤¤" objectid="513" type="MONITOR" value="Injecteur localhost:7100$NeoLoad$lgobytesperinterface~localhost:7100~eth2"/>
<objectids-entry key="¤¤" objectid="514" type="MONITOR" value="Injecteur localhost:7100$NeoLoad$lgibytesperinterface~localhost:7100~eth17"/>
<objectids-entry key="¤¤" objectid="515" type="MONITOR" value="Injecteur localhost:7100$NeoLoad$lgobytesperinterface~localhost:7100~eth17"/>
</objectids-table>
<!--****** DURATION ******-->
<duration value="360788"/>
<!--****** AGGREGATION PERIOD ******-->
<aggregation-period value="1000"/>
<!--****** EXTENDED STATISTICS ******-->
<truncated-mean centered-interval="true" percentage="90"/>
<percentile percentage="50"/>
</project>
